email;password;card_number;expires;security_code;first_name;last_name;contact_number;address_line;town;postcode
nekitos940@gmail.com;@dswad321dsaDSDA;#5469896554565253;#0235;#056;Alex;Kole;79999999999;s Isaeva d 2;Moscow;117587
nekitos925@gmail.com;@dswad321dsaDSDA;#5469896554565253;#0235;#056;Alex;Kole;79999999999;s Isaeva do 2;Moscow;117587
nekitos940@gmail.com;@dswad321dsaDSDA;#5469896554565253;#0235;#056;Alex;Kole;79999999999;s Isaeva dom 2;Moscow;117587
nekitos925@gmail.com;@dswad321dsaDSDA;#5469896554565253;#0235;#056;Alex;Kole;79999999999;s Isaeva 2;Moscow;117587
nekitos940@gmail.com;@dswad321dsaDSDA;#5469896554565253;#0235;#056;Alex;Kole;79999999999;st Isaeva d 2;Moscow;117587
nekitos925@gmail.com;@dswad321dsaDSDA;#5469896554565253;#0235;#056;Alex;Kole;79999999999;st Isaeva do 2;Moscow;117587
nekitos940@gmail.com;@dswad321dsaDSDA;#5469896554565253;#0235;#056;Alex;Kole;79999999999;st Isaeva dom 2;Moscow;117587
nekitos925@gmail.com;@dswad321dsaDSDA;#5469896554565253;#0235;#056;Alex;Kole;79999999999;st Isaeva 2;Moscow;117587
nekitos940@gmail.com;@dswad321dsaDSDA;#5469896554565253;#0235;#056;Alex;Kole;79999999999;str Isaeva d 2;Moscow;117587
nekitos925@gmail.com;@dswad321dsaDSDA;#5469896554565253;#0235;#056;Alex;Kole;79999999999;str Isaeva do 2;Moscow;117587
nekitos940@gmail.com;@dswad321dsaDSDA;#5469896554565253;#0235;#056;Alex;Kole;79999999999;str Isaeva dom 2;Moscow;117587
nekitos925@gmail.com;@dswad321dsaDSDA;#5469896554565253;#0235;#056;Alex;Kole;79999999999;str Isaeva 2;Moscow;117587
nekitos940@gmail.com;@dswad321dsaDSDA;#5469896554565253;#0235;#056;Alex;Kole;79999999999;stre Isaeva d 2;Moscow;117587
nekitos925@gmail.com;@dswad321dsaDSDA;#5469896554565253;#0235;#056;Alex;Kole;79999999999;stre Isaeva do 2;Moscow;117587
nekitos940@gmail.com;@dswad321dsaDSDA;#5469896554565253;#0235;#056;Alex;Kole;79999999999;stre Isaeva dom 2;Moscow;117587
nekitos925@gmail.com;@dswad321dsaDSDA;#5469896554565253;#0235;#056;Alex;Kole;79999999999;stre Isaeva 2;Moscow;117587
nekitos940@gmail.com;@dswad321dsaDSDA;#5469896554565253;#0235;#056;Alex;Kole;79999999999;stree Isaeva d 2;Moscow;117587
nekitos925@gmail.com;@dswad321dsaDSDA;#5469896554565253;#0235;#056;Alex;Kole;79999999999;stree Isaeva do 2;Moscow;117587
nekitos940@gmail.com;@dswad321dsaDSDA;#5469896554565253;#0235;#056;Alex;Kole;79999999999;stree Isaeva dom 2;Moscow;117587
nekitos925@gmail.com;@dswad321dsaDSDA;#5469896554565253;#0235;#056;Alex;Kole;79999999999;stree Isaeva 2;Moscow;117587
nekitos940@gmail.com;@dswad321dsaDSDA;#5469896554565253;#0235;#056;Alex;Kole;79999999999;street Isaeva d 2;Moscow;117587
nekitos925@gmail.com;@dswad321dsaDSDA;#5469896554565253;#0235;#056;Alex;Kole;79999999999;street Isaeva do 2;Moscow;117587
nekitos940@gmail.com;@dswad321dsaDSDA;#5469896554565253;#0235;#056;Alex;Kole;79999999999;street Isaeva dom 2;Moscow;117587
nekitos925@gmail.com;@dswad321dsaDSDA;#5469896554565253;#0235;#056;Alex;Kole;79999999999;street Isaeva 2;Moscow;117587
nekitos940@gmail.com;@dswad321dsaDSDA;#5469896554565253;#0235;#056;Alex;Kole;79999999999;ulitsa Isaeva d 2;Moscow;117587
nekitos925@gmail.com;@dswad321dsaDSDA;#5469896554565253;#0235;#056;Alex;Kole;79999999999;ulitsa Isaeva do 2;Moscow;117587
nekitos940@gmail.com;@dswad321dsaDSDA;#5469896554565253;#0235;#056;Alex;Kole;79999999999;ulitsa Isaeva dom 2;Moscow;117587
nekitos925@gmail.com;@dswad321dsaDSDA;#5469896554565253;#0235;#056;Alex;Kole;79999999999;ulitsa Isaeva 2;Moscow;117587
nekitos940@gmail.com;@dswad321dsaDSDA;#5469896554565253;#0235;#056;Alex;Kole;79999999999;ulits Isaeva d 2;Moscow;117587
nekitos925@gmail.com;@dswad321dsaDSDA;#5469896554565253;#0235;#056;Alex;Kole;79999999999;ulits Isaeva do 2;Moscow;117587
nekitos940@gmail.com;@dswad321dsaDSDA;#5469896554565253;#0235;#056;Alex;Kole;79999999999;ulits Isaeva dom 2;Moscow;117587
nekitos925@gmail.com;@dswad321dsaDSDA;#5469896554565253;#0235;#056;Alex;Kole;79999999999;ulits Isaeva 2;Moscow;117587
nekitos940@gmail.com;@dswad321dsaDSDA;#5469896554565253;#0235;#056;Alex;Kole;79999999999;ulit Isaeva d 2;Moscow;117587
nekitos925@gmail.com;@dswad321dsaDSDA;#5469896554565253;#0235;#056;Alex;Kole;79999999999;ulit Isaeva do 2;Moscow;117587
nekitos940@gmail.com;@dswad321dsaDSDA;#5469896554565253;#0235;#056;Alex;Kole;79999999999;ulit Isaeva dom 2;Moscow;117587
nekitos925@gmail.com;@dswad321dsaDSDA;#5469896554565253;#0235;#056;Alex;Kole;79999999999;ulit Isaeva 2;Moscow;117587
nekitos940@gmail.com;@dswad321dsaDSDA;#5469896554565253;#0235;#056;Alex;Kole;79999999999;uli Isaeva d 2;Moscow;117587
nekitos925@gmail.com;@dswad321dsaDSDA;#5469896554565253;#0235;#056;Alex;Kole;79999999999;uli Isaeva do 2;Moscow;117587
nekitos940@gmail.com;@dswad321dsaDSDA;#5469896554565253;#0235;#056;Alex;Kole;79999999999;uli Isaeva dom 2;Moscow;117587
nekitos925@gmail.com;@dswad321dsaDSDA;#5469896554565253;#0235;#056;Alex;Kole;79999999999;uli Isaeva 2;Moscow;117587
nekitos940@gmail.com;@dswad321dsaDSDA;#5469896554565253;#0235;#056;Alex;Kole;79999999999;ul Isaeva d 2;Moscow;117587
nekitos925@gmail.com;@dswad321dsaDSDA;#5469896554565253;#0235;#056;Alex;Kole;79999999999;ul Isaeva do 2;Moscow;117587
nekitos940@gmail.com;@dswad321dsaDSDA;#5469896554565253;#0235;#056;Alex;Kole;79999999999;ul Isaeva dom 2;Moscow;117587
nekitos925@gmail.com;@dswad321dsaDSDA;#5469896554565253;#0235;#056;Alex;Kole;79999999999;ul Isaeva 2;Moscow;117587
nekitos940@gmail.com;@dswad321dsaDSDA;#5469896554565253;#0235;#056;Alex;Kole;79999999999;u Isaeva d 2;Moscow;117587
nekitos925@gmail.com;@dswad321dsaDSDA;#5469896554565253;#0235;#056;Alex;Kole;79999999999;u Isaeva do 2;Moscow;117587
nekitos940@gmail.com;@dswad321dsaDSDA;#5469896554565253;#0235;#056;Alex;Kole;79999999999;u Isaeva dom 2;Moscow;117587
nekitos925@gmail.com;@dswad321dsaDSDA;#5469896554565253;#0235;#056;Alex;Kole;79999999999;u Isaeva 2;Moscow;117587
nekitos940@gmail.com;@dswad321dsaDSDA;#5469896554565253;#0235;#056;Alex;Kole;79999999999;avenue Isaeva d 2;Moscow;117587
nekitos925@gmail.com;@dswad321dsaDSDA;#5469896554565253;#0235;#056;Alex;Kole;79999999999;avenue Isaeva do 2;Moscow;117587
nekitos940@gmail.com;@dswad321dsaDSDA;#5469896554565253;#0235;#056;Alex;Kole;79999999999;avenue Isaeva dom 2;Moscow;117587
nekitos925@gmail.com;@dswad321dsaDSDA;#5469896554565253;#0235;#056;Alex;Kole;79999999999;avenue Isaeva 2;Moscow;117587
nekitos940@gmail.com;@dswad321dsaDSDA;#5469896554565253;#0235;#056;Alex;Kole;79999999999;avenu Isaeva d 2;Moscow;117587
nekitos925@gmail.com;@dswad321dsaDSDA;#5469896554565253;#0235;#056;Alex;Kole;79999999999;avenu Isaeva do 2;Moscow;117587
nekitos940@gmail.com;@dswad321dsaDSDA;#5469896554565253;#0235;#056;Alex;Kole;79999999999;avenu Isaeva dom 2;Moscow;117587
nekitos925@gmail.com;@dswad321dsaDSDA;#5469896554565253;#0235;#056;Alex;Kole;79999999999;avenu Isaeva 2;Moscow;117587
nekitos940@gmail.com;@dswad321dsaDSDA;#5469896554565253;#0235;#056;Alex;Kole;79999999999;aven Isaeva d 2;Moscow;117587
nekitos925@gmail.com;@dswad321dsaDSDA;#5469896554565253;#0235;#056;Alex;Kole;79999999999;aven Isaeva do 2;Moscow;117587
nekitos940@gmail.com;@dswad321dsaDSDA;#5469896554565253;#0235;#056;Alex;Kole;79999999999;aven Isaeva dom 2;Moscow;117587
nekitos925@gmail.com;@dswad321dsaDSDA;#5469896554565253;#0235;#056;Alex;Kole;79999999999;aven Isaeva 2;Moscow;117587
nekitos940@gmail.com;@dswad321dsaDSDA;#5469896554565253;#0235;#056;Alex;Kole;79999999999;ave Isaeva d 2;Moscow;117587
nekitos925@gmail.com;@dswad321dsaDSDA;#5469896554565253;#0235;#056;Alex;Kole;79999999999;ave Isaeva do 2;Moscow;117587
nekitos940@gmail.com;@dswad321dsaDSDA;#5469896554565253;#0235;#056;Alex;Kole;79999999999;ave Isaeva dom 2;Moscow;117587
nekitos925@gmail.com;@dswad321dsaDSDA;#5469896554565253;#0235;#056;Alex;Kole;79999999999;ave Isaeva 2;Moscow;117587
nekitos940@gmail.com;@dswad321dsaDSDA;#5469896554565253;#0235;#056;Alex;Kole;79999999999;av Isaeva d 2;Moscow;117587
nekitos925@gmail.com;@dswad321dsaDSDA;#5469896554565253;#0235;#056;Alex;Kole;79999999999;av Isaeva do 2;Moscow;117587
nekitos940@gmail.com;@dswad321dsaDSDA;#5469896554565253;#0235;#056;Alex;Kole;79999999999;av Isaeva dom 2;Moscow;117587
nekitos925@gmail.com;@dswad321dsaDSDA;#5469896554565253;#0235;#056;Alex;Kole;79999999999;av Isaeva 2;Moscow;117587
nekitos940@gmail.com;@dswad321dsaDSDA;#5469896554565253;#0235;#056;Alex;Kole;79999999999;a Isaeva d 2;Moscow;117587
nekitos925@gmail.com;@dswad321dsaDSDA;#5469896554565253;#0235;#056;Alex;Kole;79999999999;a Isaeva do 2;Moscow;117587
nekitos940@gmail.com;@dswad321dsaDSDA;#5469896554565253;#0235;#056;Alex;Kole;79999999999;a Isaeva dom 2;Moscow;117587
nekitos925@gmail.com;@dswad321dsaDSDA;#5469896554565253;#0235;#056;Alex;Kole;79999999999;a Isaeva 2;Moscow;117587
nekitos940@gmail.com;@dswad321dsaDSDA;#5469896554565253;#0235;#056;Alex;Kole;79999999999;Outdoors Isaeva d 2;Moscow;117587
nekitos925@gmail.com;@dswad321dsaDSDA;#5469896554565253;#0235;#056;Alex;Kole;79999999999;Outdoors Isaeva do 2;Moscow;117587
nekitos940@gmail.com;@dswad321dsaDSDA;#5469896554565253;#0235;#056;Alex;Kole;79999999999;Outdoors Isaeva dom 2;Moscow;117587
nekitos925@gmail.com;@dswad321dsaDSDA;#5469896554565253;#0235;#056;Alex;Kole;79999999999;Outdoors Isaeva 2;Moscow;117587
nekitos940@gmail.com;@dswad321dsaDSDA;#5469896554565253;#0235;#056;Alex;Kole;79999999999;Outdoor Isaeva d 2;Moscow;117587
nekitos925@gmail.com;@dswad321dsaDSDA;#5469896554565253;#0235;#056;Alex;Kole;79999999999;Outdoor Isaeva do 2;Moscow;117587
nekitos940@gmail.com;@dswad321dsaDSDA;#5469896554565253;#0235;#056;Alex;Kole;79999999999;Outdoor Isaeva dom 2;Moscow;117587
nekitos925@gmail.com;@dswad321dsaDSDA;#5469896554565253;#0235;#056;Alex;Kole;79999999999;Outdoor Isaeva 2;Moscow;117587
nekitos940@gmail.com;@dswad321dsaDSDA;#5469896554565253;#0235;#056;Alex;Kole;79999999999;Outdoo Isaeva d 2;Moscow;117587
nekitos925@gmail.com;@dswad321dsaDSDA;#5469896554565253;#0235;#056;Alex;Kole;79999999999;Outdoo Isaeva do 2;Moscow;117587
nekitos940@gmail.com;@dswad321dsaDSDA;#5469896554565253;#0235;#056;Alex;Kole;79999999999;Outdoo Isaeva dom 2;Moscow;117587
nekitos925@gmail.com;@dswad321dsaDSDA;#5469896554565253;#0235;#056;Alex;Kole;79999999999;Outdoo Isaeva 2;Moscow;117587
nekitos940@gmail.com;@dswad321dsaDSDA;#5469896554565253;#0235;#056;Alex;Kole;79999999999;Outdo Isaeva d 2;Moscow;117587
nekitos925@gmail.com;@dswad321dsaDSDA;#5469896554565253;#0235;#056;Alex;Kole;79999999999;Outdo Isaeva do 2;Moscow;117587
nekitos940@gmail.com;@dswad321dsaDSDA;#5469896554565253;#0235;#056;Alex;Kole;79999999999;Outdo Isaeva dom 2;Moscow;117587
nekitos925@gmail.com;@dswad321dsaDSDA;#5469896554565253;#0235;#056;Alex;Kole;79999999999;Outdo Isaeva 2;Moscow;117587
nekitos940@gmail.com;@dswad321dsaDSDA;#5469896554565253;#0235;#056;Alex;Kole;79999999999;Outd Isaeva d 2;Moscow;117587
nekitos925@gmail.com;@dswad321dsaDSDA;#5469896554565253;#0235;#056;Alex;Kole;79999999999;Outd Isaeva do 2;Moscow;117587
nekitos940@gmail.com;@dswad321dsaDSDA;#5469896554565253;#0235;#056;Alex;Kole;79999999999;Outd Isaeva dom 2;Moscow;117587
nekitos925@gmail.com;@dswad321dsaDSDA;#5469896554565253;#0235;#056;Alex;Kole;79999999999;Outd Isaeva 2;Moscow;117587
nekitos940@gmail.com;@dswad321dsaDSDA;#5469896554565253;#0235;#056;Alex;Kole;79999999999;Out Isaeva d 2;Moscow;117587
nekitos925@gmail.com;@dswad321dsaDSDA;#5469896554565253;#0235;#056;Alex;Kole;79999999999;Out Isaeva do 2;Moscow;117587
nekitos940@gmail.com;@dswad321dsaDSDA;#5469896554565253;#0235;#056;Alex;Kole;79999999999;Out Isaeva dom 2;Moscow;117587
nekitos925@gmail.com;@dswad321dsaDSDA;#5469896554565253;#0235;#056;Alex;Kole;79999999999;Out Isaeva 2;Moscow;117587
nekitos940@gmail.com;@dswad321dsaDSDA;#5469896554565253;#0235;#056;Alex;Kole;79999999999;Ou Isaeva d 2;Moscow;117587
nekitos925@gmail.com;@dswad321dsaDSDA;#5469896554565253;#0235;#056;Alex;Kole;79999999999;Ou Isaeva do 2;Moscow;117587
nekitos940@gmail.com;@dswad321dsaDSDA;#5469896554565253;#0235;#056;Alex;Kole;79999999999;Ou Isaeva dom 2;Moscow;117587
nekitos925@gmail.com;@dswad321dsaDSDA;#5469896554565253;#0235;#056;Alex;Kole;79999999999;Ou Isaeva 2;Moscow;117587
nekitos940@gmail.com;@dswad321dsaDSDA;#5469896554565253;#0235;#056;Alex;Kole;79999999999;O Isaeva d 2;Moscow;117587
nekitos925@gmail.com;@dswad321dsaDSDA;#5469896554565253;#0235;#056;Alex;Kole;79999999999;O Isaeva do 2;Moscow;117587
nekitos940@gmail.com;@dswad321dsaDSDA;#5469896554565253;#0235;#056;Alex;Kole;79999999999;O Isaeva dom 2;Moscow;117587
nekitos925@gmail.com;@dswad321dsaDSDA;#5469896554565253;#0235;#056;Alex;Kole;79999999999;O Isaeva 2;Moscow;117587
nekitos940@gmail.com;@dswad321dsaDSDA;#5469896554565253;#0235;#056;Alex;Kole;79999999999;thoroughfare Isaeva d 2;Moscow;117587
nekitos925@gmail.com;@dswad321dsaDSDA;#5469896554565253;#0235;#056;Alex;Kole;79999999999;thoroughfare Isaeva do 2;Moscow;117587
nekitos940@gmail.com;@dswad321dsaDSDA;#5469896554565253;#0235;#056;Alex;Kole;79999999999;thoroughfare Isaeva dom 2;Moscow;117587
nekitos925@gmail.com;@dswad321dsaDSDA;#5469896554565253;#0235;#056;Alex;Kole;79999999999;thoroughfare Isaeva 2;Moscow;117587
nekitos940@gmail.com;@dswad321dsaDSDA;#5469896554565253;#0235;#056;Alex;Kole;79999999999;thoroughfar Isaeva d 2;Moscow;117587
nekitos925@gmail.com;@dswad321dsaDSDA;#5469896554565253;#0235;#056;Alex;Kole;79999999999;thoroughfar Isaeva do 2;Moscow;117587
nekitos940@gmail.com;@dswad321dsaDSDA;#5469896554565253;#0235;#056;Alex;Kole;79999999999;thoroughfar Isaeva dom 2;Moscow;117587
nekitos925@gmail.com;@dswad321dsaDSDA;#5469896554565253;#0235;#056;Alex;Kole;79999999999;thoroughfar Isaeva 2;Moscow;117587
nekitos940@gmail.com;@dswad321dsaDSDA;#5469896554565253;#0235;#056;Alex;Kole;79999999999;thoroughfa Isaeva d 2;Moscow;117587
nekitos925@gmail.com;@dswad321dsaDSDA;#5469896554565253;#0235;#056;Alex;Kole;79999999999;thoroughfa Isaeva do 2;Moscow;117587
nekitos940@gmail.com;@dswad321dsaDSDA;#5469896554565253;#0235;#056;Alex;Kole;79999999999;thoroughfa Isaeva dom 2;Moscow;117587
nekitos925@gmail.com;@dswad321dsaDSDA;#5469896554565253;#0235;#056;Alex;Kole;79999999999;thoroughfa Isaeva 2;Moscow;117587
nekitos940@gmail.com;@dswad321dsaDSDA;#5469896554565253;#0235;#056;Alex;Kole;79999999999;thoroughf Isaeva d 2;Moscow;117587
nekitos925@gmail.com;@dswad321dsaDSDA;#5469896554565253;#0235;#056;Alex;Kole;79999999999;thoroughf Isaeva do 2;Moscow;117587
nekitos940@gmail.com;@dswad321dsaDSDA;#5469896554565253;#0235;#056;Alex;Kole;79999999999;thoroughf Isaeva dom 2;Moscow;117587
nekitos925@gmail.com;@dswad321dsaDSDA;#5469896554565253;#0235;#056;Alex;Kole;79999999999;thoroughf Isaeva 2;Moscow;117587
nekitos940@gmail.com;@dswad321dsaDSDA;#5469896554565253;#0235;#056;Alex;Kole;79999999999;thorough Isaeva d 2;Moscow;117587
nekitos925@gmail.com;@dswad321dsaDSDA;#5469896554565253;#0235;#056;Alex;Kole;79999999999;thorough Isaeva do 2;Moscow;117587
nekitos940@gmail.com;@dswad321dsaDSDA;#5469896554565253;#0235;#056;Alex;Kole;79999999999;thorough Isaeva dom 2;Moscow;117587
nekitos925@gmail.com;@dswad321dsaDSDA;#5469896554565253;#0235;#056;Alex;Kole;79999999999;thorough Isaeva 2;Moscow;117587
nekitos940@gmail.com;@dswad321dsaDSDA;#5469896554565253;#0235;#056;Alex;Kole;79999999999;thoroug Isaeva d 2;Moscow;117587
nekitos925@gmail.com;@dswad321dsaDSDA;#5469896554565253;#0235;#056;Alex;Kole;79999999999;thoroug Isaeva do 2;Moscow;117587
nekitos940@gmail.com;@dswad321dsaDSDA;#5469896554565253;#0235;#056;Alex;Kole;79999999999;thoroug Isaeva dom 2;Moscow;117587
nekitos925@gmail.com;@dswad321dsaDSDA;#5469896554565253;#0235;#056;Alex;Kole;79999999999;thoroug Isaeva 2;Moscow;117587
nekitos940@gmail.com;@dswad321dsaDSDA;#5469896554565253;#0235;#056;Alex;Kole;79999999999;thorou Isaeva d 2;Moscow;117587
nekitos925@gmail.com;@dswad321dsaDSDA;#5469896554565253;#0235;#056;Alex;Kole;79999999999;thorou Isaeva do 2;Moscow;117587
nekitos940@gmail.com;@dswad321dsaDSDA;#5469896554565253;#0235;#056;Alex;Kole;79999999999;thorou Isaeva dom 2;Moscow;117587
nekitos925@gmail.com;@dswad321dsaDSDA;#5469896554565253;#0235;#056;Alex;Kole;79999999999;thorou Isaeva 2;Moscow;117587
nekitos940@gmail.com;@dswad321dsaDSDA;#5469896554565253;#0235;#056;Alex;Kole;79999999999;thoro Isaeva d 2;Moscow;117587
nekitos925@gmail.com;@dswad321dsaDSDA;#5469896554565253;#0235;#056;Alex;Kole;79999999999;thoro Isaeva do 2;Moscow;117587
nekitos940@gmail.com;@dswad321dsaDSDA;#5469896554565253;#0235;#056;Alex;Kole;79999999999;thoro Isaeva dom 2;Moscow;117587
nekitos925@gmail.com;@dswad321dsaDSDA;#5469896554565253;#0235;#056;Alex;Kole;79999999999;thoro Isaeva 2;Moscow;117587
nekitos940@gmail.com;@dswad321dsaDSDA;#5469896554565253;#0235;#056;Alex;Kole;79999999999;thor Isaeva d 2;Moscow;117587
nekitos925@gmail.com;@dswad321dsaDSDA;#5469896554565253;#0235;#056;Alex;Kole;79999999999;thor Isaeva do 2;Moscow;117587
nekitos940@gmail.com;@dswad321dsaDSDA;#5469896554565253;#0235;#056;Alex;Kole;79999999999;thor Isaeva dom 2;Moscow;117587
nekitos925@gmail.com;@dswad321dsaDSDA;#5469896554565253;#0235;#056;Alex;Kole;79999999999;thor Isaeva 2;Moscow;117587
nekitos940@gmail.com;@dswad321dsaDSDA;#5469896554565253;#0235;#056;Alex;Kole;79999999999;tho Isaeva d 2;Moscow;117587
nekitos925@gmail.com;@dswad321dsaDSDA;#5469896554565253;#0235;#056;Alex;Kole;79999999999;tho Isaeva do 2;Moscow;117587
nekitos940@gmail.com;@dswad321dsaDSDA;#5469896554565253;#0235;#056;Alex;Kole;79999999999;tho Isaeva dom 2;Moscow;117587
nekitos925@gmail.com;@dswad321dsaDSDA;#5469896554565253;#0235;#056;Alex;Kole;79999999999;tho Isaeva 2;Moscow;117587
nekitos940@gmail.com;@dswad321dsaDSDA;#5469896554565253;#0235;#056;Alex;Kole;79999999999;th Isaeva d 2;Moscow;117587
nekitos925@gmail.com;@dswad321dsaDSDA;#5469896554565253;#0235;#056;Alex;Kole;79999999999;th Isaeva do 2;Moscow;117587
nekitos940@gmail.com;@dswad321dsaDSDA;#5469896554565253;#0235;#056;Alex;Kole;79999999999;th Isaeva dom 2;Moscow;117587
nekitos925@gmail.com;@dswad321dsaDSDA;#5469896554565253;#0235;#056;Alex;Kole;79999999999;th Isaeva 2;Moscow;117587
nekitos940@gmail.com;@dswad321dsaDSDA;#5469896554565253;#0235;#056;Alex;Kole;79999999999;t Isaeva d 2;Moscow;117587
nekitos925@gmail.com;@dswad321dsaDSDA;#5469896554565253;#0235;#056;Alex;Kole;79999999999;t Isaeva do 2;Moscow;117587
nekitos940@gmail.com;@dswad321dsaDSDA;#5469896554565253;#0235;#056;Alex;Kole;79999999999;t Isaeva dom 2;Moscow;117587
nekitos925@gmail.com;@dswad321dsaDSDA;#5469896554565253;#0235;#056;Alex;Kole;79999999999;t Isaeva 2;Moscow;117587
nekitos940@gmail.com;@dswad321dsaDSDA;#5469896554565253;#0235;#056;Alex;Kole;79999999999;Isaeva d 2;Moscow;117587
nekitos925@gmail.com;@dswad321dsaDSDA;#5469896554565253;#0235;#056;Alex;Kole;79999999999;Isaeva do 2;Moscow;117587
nekitos940@gmail.com;@dswad321dsaDSDA;#5469896554565253;#0235;#056;Alex;Kole;79999999999;Isaeva dom 2;Moscow;117587
nekitos925@gmail.com;@dswad321dsaDSDA;#5469896554565253;#0235;#056;Alex;Kole;79999999999;Isaeva 2;Moscow;117587
