first_name;last_name;contact_number;address_line;town;postcode
Alex;Kole;79999999999;s Isaeva d 2;Moscow;117587
;;;s Isaeva do 2;;
;;;s Isaeva dom 2;;
;;;s Isaeva 2;;
;;;st Isaeva d 2;;
;;;st Isaeva do 2;;
;;;st Isaeva dom 2;;
;;;st Isaeva 2;;
;;;str Isaeva d 2;;
;;;str Isaeva do 2;;
;;;str Isaeva dom 2;;
;;;str Isaeva 2;;
;;;stre Isaeva d 2;;
;;;stre Isaeva do 2;;
;;;stre Isaeva dom 2;;
;;;stre Isaeva 2;;
;;;stree Isaeva d 2;;
;;;stree Isaeva do 2;;
;;;stree Isaeva dom 2;;
;;;stree Isaeva 2;;
;;;street Isaeva d 2;;
;;;street Isaeva do 2;;
;;;street Isaeva dom 2;;
;;;street Isaeva 2;;
;;;ulitsa Isaeva d 2;;
;;;ulitsa Isaeva do 2;;
;;;ulitsa Isaeva dom 2;;
;;;ulitsa Isaeva 2;;
;;;ulits Isaeva d 2;;
;;;ulits Isaeva do 2;;
;;;ulits Isaeva dom 2;;
;;;ulits Isaeva 2;;
;;;ulit Isaeva d 2;;
;;;ulit Isaeva do 2;;
;;;ulit Isaeva dom 2;;
;;;ulit Isaeva 2;;
;;;uli Isaeva d 2;;
;;;uli Isaeva do 2;;
;;;uli Isaeva dom 2;;
;;;uli Isaeva 2;;
;;;ul Isaeva d 2;;
;;;ul Isaeva do 2;;
;;;ul Isaeva dom 2;;
;;;ul Isaeva 2;;
;;;u Isaeva d 2;;
;;;u Isaeva do 2;;
;;;u Isaeva dom 2;;
;;;u Isaeva 2;;
;;;avenue Isaeva d 2;;
;;;avenue Isaeva do 2;;
;;;avenue Isaeva dom 2;;
;;;avenue Isaeva 2;;
;;;avenu Isaeva d 2;;
;;;avenu Isaeva do 2;;
;;;avenu Isaeva dom 2;;
;;;avenu Isaeva 2;;
;;;aven Isaeva d 2;;
;;;aven Isaeva do 2;;
;;;aven Isaeva dom 2;;
;;;aven Isaeva 2;;
;;;ave Isaeva d 2;;
;;;ave Isaeva do 2;;
;;;ave Isaeva dom 2;;
;;;ave Isaeva 2;;
;;;av Isaeva d 2;;
;;;av Isaeva do 2;;
;;;av Isaeva dom 2;;
;;;av Isaeva 2;;
;;;a Isaeva d 2;;
;;;a Isaeva do 2;;
;;;a Isaeva dom 2;;
;;;a Isaeva 2;;
;;;Outdoors Isaeva d 2;;
;;;Outdoors Isaeva do 2;;
;;;Outdoors Isaeva dom 2;;
;;;Outdoors Isaeva 2;;
;;;Outdoor Isaeva d 2;;
;;;Outdoor Isaeva do 2;;
;;;Outdoor Isaeva dom 2;;
;;;Outdoor Isaeva 2;;
;;;Outdoo Isaeva d 2;;
;;;Outdoo Isaeva do 2;;
;;;Outdoo Isaeva dom 2;;
;;;Outdoo Isaeva 2;;
;;;Outdo Isaeva d 2;;
;;;Outdo Isaeva do 2;;
;;;Outdo Isaeva dom 2;;
;;;Outdo Isaeva 2;;
;;;Outd Isaeva d 2;;
;;;Outd Isaeva do 2;;
;;;Outd Isaeva dom 2;;
;;;Outd Isaeva 2;;
;;;Out Isaeva d 2;;
;;;Out Isaeva do 2;;
;;;Out Isaeva dom 2;;
;;;Out Isaeva 2;;
;;;Ou Isaeva d 2;;
;;;Ou Isaeva do 2;;
;;;Ou Isaeva dom 2;;
;;;Ou Isaeva 2;;
;;;O Isaeva d 2;;
;;;O Isaeva do 2;;
;;;O Isaeva dom 2;;
;;;O Isaeva 2;;
;;;thoroughfare Isaeva d 2;;
;;;thoroughfare Isaeva do 2;;
;;;thoroughfare Isaeva dom 2;;
;;;thoroughfare Isaeva 2;;
;;;thoroughfar Isaeva d 2;;
;;;thoroughfar Isaeva do 2;;
;;;thoroughfar Isaeva dom 2;;
;;;thoroughfar Isaeva 2;;
;;;thoroughfa Isaeva d 2;;
;;;thoroughfa Isaeva do 2;;
;;;thoroughfa Isaeva dom 2;;
;;;thoroughfa Isaeva 2;;
;;;thoroughf Isaeva d 2;;
;;;thoroughf Isaeva do 2;;
;;;thoroughf Isaeva dom 2;;
;;;thoroughf Isaeva 2;;
;;;thorough Isaeva d 2;;
;;;thorough Isaeva do 2;;
;;;thorough Isaeva dom 2;;
;;;thorough Isaeva 2;;
;;;thoroug Isaeva d 2;;
;;;thoroug Isaeva do 2;;
;;;thoroug Isaeva dom 2;;
;;;thoroug Isaeva 2;;
;;;thorou Isaeva d 2;;
;;;thorou Isaeva do 2;;
;;;thorou Isaeva dom 2;;
;;;thorou Isaeva 2;;
;;;thoro Isaeva d 2;;
;;;thoro Isaeva do 2;;
;;;thoro Isaeva dom 2;;
;;;thoro Isaeva 2;;
;;;thor Isaeva d 2;;
;;;thor Isaeva do 2;;
;;;thor Isaeva dom 2;;
;;;thor Isaeva 2;;
;;;tho Isaeva d 2;;
;;;tho Isaeva do 2;;
;;;tho Isaeva dom 2;;
;;;tho Isaeva 2;;
;;;th Isaeva d 2;;
;;;th Isaeva do 2;;
;;;th Isaeva dom 2;;
;;;th Isaeva 2;;
;;;t Isaeva d 2;;
;;;t Isaeva do 2;;
;;;t Isaeva dom 2;;
;;;t Isaeva 2;;
;;;Isaeva d 2;;
;;;Isaeva do 2;;
;;;Isaeva dom 2;;
;;;Isaeva 2;;
