first name;last name
Olivia;Smith
Ava;Johnson
Amelia;Williams
Emily;Brown
Jessica;Jones
Isla;Miller
Isabella;Davis
Poppy;Garcia
Mia;Rodriguez
Sophie;Wilson
Lily;Martinez
Ruby;Anderson
Evie;Taylor
Grace;Thomas
Ella;Hernandez
Sophia;Moore
Chloe;Martin
Scarlett;Jackson
Freya;Thompson
Isabelle;White
Phoebe;Lopez
Alice;Lee
Ellie;Gonzalez
Bethany;Harris
Maryam;Clark
Heidi;Lewis
Paige;Robinson
Faith;Walker
Rose;Perez
Ivy;Hall
Florence;Young
Hurriet;Allen
Maddison;Sanchez
Zoe;Wright
Samuel;King
Jack;Scott
Joseph;Green
Harry;Baker
Alfie;Adams
Jacob;Nelson
Thomas;Hill
Charlie;Ramirez
Oscar;Campbell
James;Mitchell
William;Roberts
Joshua;Carter
George;Phillips
Ethan;Evans
Noah;Turner
Archie;Torres
Henry;Parker
Leo;Collins
John;Edwards
Oliver;Stewart
David;Flores
Ryan;Morris
Dexter;Nguyen
Connor;Murphy
Albert;Rivera
Austin;Cook
Stanley;Rogers
Theodore;Morgan
Owen;Peterson
Caleb;Cooper
Alana;Reed
Alex;Bailey
Cynthia;Bell
Scarlett;Gomez
Emma;Kelly
Deborah;Howard
Gabriel;Ward
Virginia;Cox
Jenna;Diaz
Amber;Richardson
Sharon;Wood
Hana;Watson
Susan;Brooks
Sandra;Bennett
Roxie;Gray
Pamela;James
Nicole;Reyes
Melanie;Cruz
Lora;Hughes
Caroline;Price
Kevin;Myers
Adam;Long
Ben;Foster
Alexander;Sanders
Andrew;Ross
Samuel;Morales
Fred;Powell
Martin;Sullivan
Gordon;Russell
Jerry;Ortiz
Bill;Jenkins
Brad;Gutierrez
Chris;Perry
Michael;Butler
Dave;Barnes
Steve;Fisher
Douglas;Henderson
Edgar;Coleman
Raymond;Simmons
Tom;Patterson
